month,refund_reason_code,refund_inr,refund_lakh
2025-01,CANCEL,19255.0,0.19255
2025-01,DOA-REPL,7347.0,0.07347
2025-01,DUP-PAYMENT,27759.0,0.27759
2025-01,GW-OTHER,72533.0,0.72533
2025-01,RETURN-QC-OK,11313.0,0.11313
2025-01,WTY-BUYBACK,2841.0,0.02841
2025-01,,0.0,0.0
2025-02,CANCEL,16260.0,0.1626
2025-02,DOA-REPL,6973.0,0.06973
2025-02,DUP-PAYMENT,28678.0,0.28678
2025-02,GW-OTHER,63091.0,0.63091
2025-02,LOST-TRANSIT,16497.0,0.16497
2025-02,PRICE-ADJ,1999.0,0.01999
2025-02,RETURN-QC-OK,29893.0,0.29893
2025-02,WTY-BUYBACK,14547.0,0.14547
2025-02,,0.0,0.0
2025-03,CANCEL,18115.0,0.18115
2025-03,DOA-REPL,29488.0,0.29488
2025-03,DUP-PAYMENT,52260.0,0.5226
2025-03,GW-OTHER,98760.0,0.9876
2025-03,LOST-TRANSIT,3999.0,0.03999
2025-03,PRICE-ADJ,9984.0,0.09984
2025-03,RETURN-QC-OK,70743.0,0.70743
2025-03,WTY-BUYBACK,7248.0,0.07248
2025-03,,0.0,0.0
2025-04,CANCEL,23994.0,0.23994
2025-04,DOA-REPL,10733.0,0.10733
2025-04,DUP-PAYMENT,37716.0,0.37716
2025-04,GW-OTHER,113025.0,1.13025
2025-04,PRICE-ADJ,9922.0,0.09922
2025-04,RETURN-QC-OK,39678.0,0.39678
2025-04,WTY-BUYBACK,15021.0,0.15021
2025-04,,0.0,0.0
2025-05,CANCEL,27538.0,0.27538
2025-05,DOA-REPL,1699.0,0.01699
2025-05,DUP-PAYMENT,16781.0,0.16781
2025-05,GW-OTHER,91985.0,0.91985
2025-05,LOST-TRANSIT,780.0,0.0078
2025-05,PRICE-ADJ,23270.0,0.2327
2025-05,RETURN-QC-OK,36577.0,0.36577
2025-05,WTY-BUYBACK,18834.0,0.18834
2025-05,,0.0,0.0
2025-06,CANCEL,19907.0,0.19907
2025-06,DOA-REPL,21894.0,0.21894
2025-06,DUP-PAYMENT,60317.0,0.60317
2025-06,GW-OTHER,77674.0,0.77674
2025-06,LOST-TRANSIT,1499.0,0.01499
2025-06,PRICE-ADJ,7146.0,0.07146
2025-06,RETURN-QC-OK,47333.0,0.47333
2025-06,WTY-BUYBACK,24099.0,0.24099
2025-06,,0.0,0.0
2025-07,CANCEL,50991.0,0.50991
2025-07,DOA-REPL,17909.0,0.17909
2025-07,DUP-PAYMENT,57226.0,0.57226
2025-07,GW-OTHER,145422.0,1.45422
2025-07,LOST-TRANSIT,12297.0,0.12297
2025-07,PRICE-ADJ,11684.0,0.11684
2025-07,RETURN-QC-OK,51935.0,0.51935
2025-07,WTY-BUYBACK,9522.0,0.09522
2025-07,,0.0,0.0
2025-08,CANCEL,47505.0,0.47505
2025-08,DOA-REPL,28577.0,0.28577
2025-08,DUP-PAYMENT,42931.0,0.42931
2025-08,GW-OTHER,144550.0,1.4455
2025-08,LOST-TRANSIT,19463.0,0.19463
2025-08,PRICE-ADJ,5377.0,0.05377
2025-08,RETURN-QC-OK,68297.0,0.68297
2025-08,WTY-BUYBACK,11121.0,0.11121
2025-08,,0.0,0.0
2025-09,CANCEL,40985.0,0.40985
2025-09,DOA-REPL,45393.0,0.45393
2025-09,DUP-PAYMENT,56874.0,0.56874
2025-09,GW-OTHER,230734.0,2.30734
2025-09,LOST-TRANSIT,11997.0,0.11997
2025-09,PRICE-ADJ,14711.0,0.14711
2025-09,RETURN-QC-OK,61145.0,0.61145
2025-09,WTY-BUYBACK,20445.0,0.20445
2025-09,,0.0,0.0
2025-10,CANCEL,46052.0,0.46052
2025-10,DOA-REPL,19830.0,0.1983
2025-10,DUP-PAYMENT,74406.0,0.74406
2025-10,GW-OTHER,334007.0,3.34007
2025-10,LOST-TRANSIT,3374.0,0.03374
2025-10,PRICE-ADJ,9636.0,0.09636
2025-10,RETURN-QC-OK,73713.0,0.73713
2025-10,WTY-BUYBACK,14619.0,0.14619
2025-10,,0.0,0.0
2025-11,CANCEL,44825.0,0.44825
2025-11,DOA-REPL,53447.0,0.53447
2025-11,DUP-PAYMENT,74480.0,0.7448
2025-11,GW-OTHER,243878.0,2.43878
2025-11,LOST-TRANSIT,4199.0,0.04199
2025-11,PRICE-ADJ,16446.0,0.16446
2025-11,RETURN-QC-OK,108494.0,1.08494
2025-11,WTY-BUYBACK,30215.0,0.30215
2025-11,,0.0,0.0
2025-12,CANCEL,58126.0,0.58126
2025-12,DOA-REPL,27633.0,0.27633
2025-12,DUP-PAYMENT,71038.0,0.71038
2025-12,GW-OTHER,183718.0,1.83718
2025-12,LOST-TRANSIT,9896.0,0.09896
2025-12,PRICE-ADJ,5254.0,0.05254
2025-12,RETURN-QC-OK,104301.0,1.04301
2025-12,WTY-BUYBACK,15988.0,0.15988
2025-12,,0.0,0.0
2026-01,CANCEL,37147.0,0.37147
2026-01,DOA-REPL,21228.0,0.21228
2026-01,DUP-PAYMENT,88358.0,0.88358
2026-01,GW-OTHER,185446.0,1.85446
2026-01,LOST-TRANSIT,7397.0,0.07397
2026-01,PRICE-ADJ,10398.0,0.10398
2026-01,RETURN-QC-OK,80651.0,0.80651
2026-01,WTY-BUYBACK,19243.0,0.19243
2026-01,,0.0,0.0
2026-02,CANCEL,12666.0,0.12666
2026-02,DOA-REPL,30568.0,0.30568
2026-02,DUP-PAYMENT,62991.0,0.62991
2026-02,GW-OTHER,162060.0,1.6206
2026-02,LOST-TRANSIT,1799.0,0.01799
2026-02,PRICE-ADJ,19819.0,0.19819
2026-02,RETURN-QC-OK,79238.0,0.79238
2026-02,WTY-BUYBACK,3656.0,0.03656
2026-02,,0.0,0.0
2026-03,CANCEL,18134.0,0.18134
2026-03,DOA-REPL,39541.0,0.39541
2026-03,DUP-PAYMENT,52058.0,0.52058
2026-03,GW-OTHER,175379.0,1.75379
2026-03,LOST-TRANSIT,26153.0,0.26153
2026-03,PRICE-ADJ,15497.0,0.15497
2026-03,RETURN-QC-OK,87240.0,0.8724
2026-03,WTY-BUYBACK,21771.0,0.21771
2026-03,,0.0,0.0
2026-04,CANCEL,36370.0,0.3637
2026-04,DOA-REPL,23366.0,0.23366
2026-04,DUP-PAYMENT,22001.0,0.22001
2026-04,GW-OTHER,199084.0,1.99084
2026-04,LOST-TRANSIT,9047.0,0.09047
2026-04,PRICE-ADJ,16069.0,0.16069
2026-04,RETURN-QC-OK,80107.0,0.80107
2026-04,WTY-BUYBACK,16221.0,0.16221
2026-04,,0.0,0.0
2026-05,CANCEL,34227.0,0.34227
2026-05,DOA-REPL,28863.0,0.28863
2026-05,DUP-PAYMENT,19089.0,0.19089
2026-05,GW-OTHER,195452.0,1.95452
2026-05,LOST-TRANSIT,13044.0,0.13044
2026-05,PRICE-ADJ,21770.0,0.2177
2026-05,RETURN-QC-OK,81849.0,0.81849
2026-05,WTY-BUYBACK,32443.0,0.32443
2026-05,,0.0,0.0
2026-06,CANCEL,60853.0,0.60853
2026-06,DOA-REPL,56701.0,0.56701
2026-06,DUP-PAYMENT,39623.0,0.39623
2026-06,GW-OTHER,190238.0,1.90238
2026-06,LOST-TRANSIT,15116.0,0.15116
2026-06,PRICE-ADJ,8091.0,0.08091
2026-06,RETURN-QC-OK,68879.0,0.68879
2026-06,WTY-BUYBACK,11320.0,0.1132
2026-06,,0.0,0.0
