month,CANCEL,DUP-PAYMENT,GOODWILL,HW-FAULT,LOST-TRANSIT,PRICE-ADJ,RETURN-QC-OK,UNCLEAR
2025-01,43372.0,28127.0,7515.0,15674.0,0.0,0.0,46160.0,200.0
2025-02,31326.0,40536.0,16521.0,23471.0,25395.0,2779.0,36611.0,1299.0
2025-03,20089.0,93537.0,26769.0,45283.0,3999.0,15833.0,85087.0,0.0
2025-04,38431.0,52075.0,18969.0,44900.0,6998.0,9922.0,78794.0,0.0
2025-05,32842.0,33790.0,14025.0,37370.0,3279.0,30299.0,63360.0,2499.0
2025-06,25561.0,76081.0,11027.0,51490.0,8984.0,7146.0,79580.0,0.0
2025-07,79874.0,90027.0,35808.0,40612.0,29543.0,14528.0,64280.0,2314.0
2025-08,58212.0,56287.0,32781.0,60107.0,25586.0,5377.0,115224.0,14247.0
2025-09,75091.0,87111.0,51460.0,84757.0,15651.0,21748.0,143933.0,2533.0
2025-10,113154.0,135291.0,75382.0,75203.0,12622.0,12826.0,141682.0,9477.0
2025-11,64908.0,106091.0,80780.0,112515.0,11197.0,20067.0,175027.0,5399.0
2025-12,77582.0,106673.0,41091.0,60751.0,10246.0,11793.0,164844.0,2974.0
2026-01,46593.0,119551.0,53661.0,66364.0,14395.0,16897.0,132137.0,270.0
2026-02,18608.0,85689.0,36215.0,52293.0,4173.0,29966.0,144797.0,1056.0
2026-03,34761.0,79153.0,54012.0,86617.0,34111.0,17296.0,128024.0,1799.0
2026-04,63935.0,73562.0,30092.0,62892.0,9547.0,18257.0,135623.0,8357.0
2026-05,58959.0,49092.0,34439.0,88933.0,24781.0,27358.0,133760.0,9415.0
2026-06,82811.0,62276.0,61681.0,99143.0,25435.0,8091.0,96464.0,14920.0
