order_id,tickets,refunded,order_value,ticket_ids,over_by
VR906031,2,25996.0,12998.0,"TK-243157, TK-243215",12998.0
VR899156,2,13998.0,6999.0,"TK-253595, TK-253621",6999.0
VR907093,2,13998.0,6999.0,"TK-253223, TK-253572",6999.0
VR906674,2,13998.0,6999.0,"TK-251856, TK-252010",6999.0
VR888612,2,13298.0,6649.0,"TK-252353, TK-253021",6649.0
VR883029,2,13298.0,6649.0,"TK-241215, TK-241220",6649.0
VR881924,2,13296.0,6648.0,"TK-245793, TK-245846",6648.0
VR880419,2,12998.0,6499.0,"TK-240920, TK-243814",6499.0
VR897135,2,12998.0,6499.0,"TK-242928, TK-243154",6499.0
VR899211,2,12998.0,6499.0,"TK-244644, TK-246126",6499.0
VR907973,2,12998.0,6499.0,"TK-249020, TK-250314",6499.0
VR884919,2,12348.0,6174.0,"TK-244844, TK-247444",6174.0
VR882775,2,12348.0,6174.0,"TK-248132, TK-248640",6174.0
VR904577,2,11998.0,5999.0,"TK-243635, TK-244024",5999.0
VR902827,2,11698.0,5849.0,"TK-242510, TK-242870",5849.0
VR884769,2,17097.0,11398.0,"TK-247120, TK-247956",5699.0
VR906363,2,11398.0,5699.0,"TK-249095, TK-251519",5699.0
VR892440,2,11048.0,5524.0,"TK-245129, TK-245204",5524.0
VR897046,2,9998.0,4999.0,"TK-242277, TK-245113",4999.0
VR901295,3,7497.0,2499.0,"TK-247015, TK-247055, TK-247068",4998.0
VR900807,2,8998.0,4499.0,"TK-251666, TK-252726",4499.0
VR894402,2,6998.0,3499.0,"TK-243594, TK-244570",3499.0
VR908740,2,6998.0,3499.0,"TK-247208, TK-251706",3499.0
VR884350,2,6998.0,3499.0,"TK-245000, TK-245968",3499.0
VR884599,2,6796.0,3398.0,"TK-252684, TK-252891",3398.0
VR901731,2,6648.0,3324.0,"TK-248807, TK-249810",3324.0
VR895351,2,6298.0,3149.0,"TK-243824, TK-249451",3149.0
VR903100,2,6298.0,3149.0,"TK-248181, TK-248190",3149.0
VR880597,2,6116.0,3058.0,"TK-246239, TK-251335",3058.0
VR897804,2,5598.0,2799.0,"TK-247319, TK-253339",2799.0
VR901648,3,4498.0,1799.0,"TK-242535, TK-242623, TK-242715",2699.0
VR888256,2,7799.0,5199.0,"TK-248158, TK-248772",2600.0
VR882908,2,4998.0,2499.0,"TK-244097, TK-244243",2499.0
VR885673,2,4998.0,2499.0,"TK-245466, TK-245743",2499.0
VR880872,2,4998.0,2499.0,"TK-244293, TK-244611",2499.0
VR895401,2,4998.0,2499.0,"TK-249198, TK-249311",2499.0
VR898468,2,4998.0,2499.0,"TK-248371, TK-249130",2499.0
VR891057,2,4998.0,2499.0,"TK-241939, TK-247790",2499.0
VR882242,3,5949.0,3499.0,"TK-247095, TK-247642, TK-248141",2450.0
VR894340,2,4498.0,2249.0,"TK-245708, TK-246276",2249.0
VR882222,2,4248.0,2124.0,"TK-250094, TK-252965",2124.0
VR888313,2,4248.0,2124.0,"TK-247221, TK-252034",2124.0
VR898635,2,4248.0,2124.0,"TK-253929, TK-254094",2124.0
VR887516,2,3998.0,1999.0,"TK-245796, TK-246279",1999.0
VR899671,2,3998.0,1999.0,"TK-242991, TK-243009",1999.0
VR902929,2,3998.0,1999.0,"TK-242643, TK-242665",1999.0
VR887519,2,3798.0,1899.0,"TK-243166, TK-243253",1899.0
VR907168,2,3598.0,1799.0,"TK-251484, TK-251965",1799.0
VR882487,2,3598.0,1799.0,"TK-243037, TK-243270",1799.0
VR888826,2,3598.0,1799.0,"TK-242736, TK-244355",1799.0
VR909499,2,3598.0,1799.0,"TK-242429, TK-242842",1799.0
VR900733,2,3598.0,1799.0,"TK-252314, TK-252470",1799.0
VR891984,2,5249.0,3499.0,"TK-247135, TK-249730",1750.0
VR894566,2,5249.0,3499.0,"TK-252181, TK-252358",1750.0
VR904284,2,3418.0,1709.0,"TK-247025, TK-247041",1709.0
VR890171,2,3238.0,1619.0,"TK-249572, TK-250501",1619.0
VR904257,2,3198.0,1599.0,"TK-240109, TK-240328",1599.0
VR889531,2,4461.0,2974.0,"TK-251323, TK-251821",1487.0
VR886174,2,4199.0,2799.0,"TK-253378, TK-253448",1400.0
VR907010,2,8399.0,6999.0,"TK-241845, TK-241934",1400.0
VR887630,3,2513.0,1169.0,"TK-253418, TK-253639, TK-254248",1344.0
VR886076,2,2598.0,1299.0,"TK-248063, TK-248095",1299.0
VR897550,2,2598.0,1299.0,"TK-248542, TK-251620",1299.0
VR897892,2,3749.0,2499.0,"TK-244425, TK-244629",1250.0
VR898020,2,3749.0,2499.0,"TK-252260, TK-252466",1250.0
VR904650,2,7138.0,5948.0,"TK-243479, TK-244018",1190.0
VR892316,2,2338.0,1169.0,"TK-254244, TK-254367",1169.0
VR899904,2,6719.0,5599.0,"TK-243247, TK-243843",1120.0
VR905641,3,4094.0,3149.0,"TK-248103, TK-248130, TK-249427",945.0
VR885281,2,2429.0,1619.0,"TK-251705, TK-252170",810.0
VR902719,2,2399.0,1599.0,"TK-242358, TK-242693",800.0
VR908710,2,4798.0,3998.0,"TK-241477, TK-241507",800.0
VR906615,2,5979.0,5199.0,"TK-243130, TK-243792",780.0
VR897206,2,5749.0,4999.0,"TK-243657, TK-243738",750.0
VR889547,2,5519.0,4799.0,"TK-243542, TK-243676",720.0
VR887334,2,7149.0,6499.0,"TK-245367, TK-245659",650.0
VR893667,2,3779.0,3149.0,"TK-248860, TK-249447",630.0
VR896747,2,4599.0,3999.0,"TK-249850, TK-249903",600.0
VR883801,2,3359.0,2799.0,"TK-248950, TK-249228",560.0
VR881337,2,3359.0,2799.0,"TK-248104, TK-248138",560.0
VR886951,2,6076.0,5524.0,"TK-251413, TK-251809",552.0
VR896276,2,4024.0,3499.0,"TK-247289, TK-247606",525.0
VR888159,2,2999.0,2499.0,"TK-251375, TK-251555",500.0
VR894334,2,2549.0,2124.0,"TK-253561, TK-254506",425.0
VR882498,2,3219.0,2799.0,"TK-250061, TK-252472",420.0
VR908050,2,2874.0,2499.0,"TK-245388, TK-251873",375.0
VR894970,2,2874.0,2499.0,"TK-247955, TK-248262",375.0
VR894578,2,2443.0,2124.0,"TK-244861, TK-244872",319.0
VR905218,2,2443.0,2124.0,"TK-254112, TK-254521",319.0
VR881254,2,2299.0,1999.0,"TK-251760, TK-251770",300.0
VR901075,2,1727.0,1439.0,"TK-245132, TK-245443",288.0
VR892299,2,1727.0,1439.0,"TK-240023, TK-240399",288.0
VR897706,2,1403.0,1169.0,"TK-243414, TK-243913",234.0
VR890543,2,1781.0,1619.0,"TK-247933, TK-253511",162.0
VR897241,2,1781.0,1619.0,"TK-240568, TK-241003",162.0
VR899230,2,1195.0,1039.0,"TK-248280, TK-250792",156.0
VR886489,2,1286.0,1169.0,"TK-244281, TK-247823",117.0
VR884839,2,1286.0,1169.0,"TK-240807, TK-240961",117.0
