ticket_id,created_at,customer_id,order_id,product_sku,refund_inr,refund_reason_code,replacement_issued,assigned_team,agent_id,agent_name,agent_notes,avoidable_leakage_assumption
TK-240050,2025-01-04 23:36:00,C102579,VR890106,VA-EB-AIR,1799.0,DOA-REPL,Y,Returns Desk,A3031,Zaid Desai,issue: refund pending | checked reverse pickup qc status -> arn shared with cx | xfer logistics. | Full refund issued and replacement dispatched as goodwill.,Full refund amount treated as recoverable if duplicate refund+replacement is prevented
TK-240258,2025-01-20 07:22:00,C101969,,VA-HP-ST2,4249.0,DOA-REPL,Y,Chat Frontline,A3006,Varun Bhatt,replacement raised. issue: right side silent. walked through reset. -- both refund and replacement given as cx threatened social media. -VB,Full refund amount treated as recoverable if duplicate refund+replacement is prevented
TK-240429,2025-02-04 12:28:00,C102027,VR884192,VA-EB-PL1,2124.0,GW-OTHER,Y,Logistics,A3029,Rajat Mukherjee,"refund initiated. issue: damaged in transit. photos received, damage confirmed. | full refund issued and replacement dispatched as goodwill. -RM",Full refund amount treated as recoverable if duplicate refund+replacement is prevented
TK-240444,2025-02-05 09:15:00,C108886,,VA-SP-ORB,5999.0,WTY-BUYBACK,Y,Email Frontline,A3018,Krishna Bhatt,issue: intermittent disconnects | checked interference sources -> replacement raised. -- Reversed the payment and dispatched a new one under RMA. ~Krishna,Full refund amount treated as recoverable if duplicate refund+replacement is prevented
TK-240483,2025-02-08 09:19:00,C105878,VR906638,VA-HP-ST3,5599.0,GW-OTHER,Y,Voice Frontline,A3025,Komal Malhotra,esc to wty. issue: rapid battery drain. adv disabling anc/aod to test. | both refund & replacement given as cx threatened social media. //KOM,Full refund amount treated as recoverable if duplicate refund+replacement is prevented
TK-240545,2025-02-12 20:04:00,C106854,VR881791,VA-HP-ST3,6299.0,GW-OTHER,Y,Logistics,A3030,Aishwarya Trivedi,"Cust contacted re wrong variant received. Raised with warehouse. rplc dispatched. Credited full amount, new unit also going out tomorrow. //AIS",Full refund amount treated as recoverable if duplicate refund+replacement is prevented
TK-240588,2025-02-16 12:47:00,C107527,VR908181,VA-EB-PL1,2499.0,GW-OTHER,Y,Logistics,A3027,Priya Agarwal,"1. Shipment not rcvd
2. Raised ticket with courier partner
3. RTO conf, reshipped. -- Full rfnd issued & rplc dispatched as goodwill.",Full refund amount treated as recoverable if duplicate refund+replacement is prevented
TK-240759,2025-02-26 19:35:00,C105412,VR893379,VA-NB-ARC,1104.0,DOA-REPL,Y,Logistics,A3030,Aishwarya Trivedi,"Cust contacted re incorrect product shipped. Raised w/ warehouse. Replacement raised, RMA shared w/ cx. Credited full amount, new unit also going out tomorrow. //AIS",Full refund amount treated as recoverable if duplicate refund+replacement is prevented
TK-240829,2025-03-03 17:22:00,C100528,,VA-HP-ST3,13998.0,GW-OTHER,Y,Logistics,A3030,Aishwarya Trivedi,Reported: delivery delayed. Confirmed address w/ cx. Refund initiated as lost in transit. -- Amount returned to card; fresh unit shipped from BLR warehouse. //AIS,Full refund amount treated as recoverable if duplicate refund+replacement is prevented
TK-240883,2025-03-06 12:33:00,C108858,VR904030,VA-EB-AIR,1619.0,DOA-REPL,Y,Logistics,A3027,Priya Agarwal,"1. Delivery delayed
2. Raised ticket w/ courier partner
3. rfnd initiated as lost in transit. | rfnd + rplc, cx escalation avoided.",Full refund amount treated as recoverable if duplicate refund+replacement is prevented
TK-240960,2025-03-10 17:24:00,C107638,,VA-AC-CH65,1499.0,DOA-REPL,Y,Logistics,A3030,Aishwarya Trivedi,"Cust contacted re shipment not received. chk AWB w/ courier. Courier confirmed dlvry for 13 Mar, cx informed. Refunded Rs 1499 & also raised replacement, cx was very upset. //AIS",Full refund amount treated as recoverable if duplicate refund+replacement is prevented
TK-240963,2025-03-10 19:58:00,C100871,,VA-SW-FIT,1599.0,GW-OTHER,Y,Logistics,A3030,Aishwarya Trivedi,"Reported: ord not delivered. Raised ticket with courier partner. RTO conf, reshipped. -- Cx got the amount back, also sending a new set to keep him happy. //AIS",Full refund amount treated as recoverable if duplicate refund+replacement is prevented
TK-241027,2025-03-15 07:46:00,C109208,,VA-EB-PL1,2499.0,DOA-REPL,Y,Email Frontline,A3020,Aadhya Singh,"cx states right side silent. walked through reset. esc to warranty. | issued rfnd + rplc both, tl aware.",Full refund amount treated as recoverable if duplicate refund+replacement is prevented
TK-241062,2025-03-16 14:08:00,C106872,,VA-HP-ST3,6999.0,GW-OTHER,Y,Email Frontline,A3018,Krishna Bhatt,"cx: pairing failure | checked phone os version -> reset done, paired ok. -- Both refund and replacement given as cx threatened social media. ~Krishna",Full refund amount treated as recoverable if duplicate refund+replacement is prevented
TK-241269,2025-03-28 18:18:00,C102414,VR892044,VA-SP-ORB,5699.0,DOA-REPL,Y,Billing,A3035,Dev Kulkarni,"Cx reported rfnd pending. Checked reverse pkp QC status. ARN shared w/ cx. Follow-up not required. | Refunded Rs 5699 & also raised rplc, cx was very upset.",Full refund amount treated as recoverable if duplicate refund+replacement is prevented
TK-241466,2025-04-07 07:43:00,C106469,,VA-EB-PL1,2249.0,WTY-BUYBACK,Y,Email Frontline,A3022,Daniel Arora,"Cx sayys left earbud not taking charge. Confirmed FW 1.4.1. Replacement raised for full set. (SOP 4.2)
refund + rplc, cx escalation avoided.",Full refund amount treated as recoverable if duplicate refund+replacement is prevented
TK-241475,2025-04-07 18:28:00,C101390,VR883108,VA-EB-PL1,2374.0,WTY-BUYBACK,Y,Logistics,A3028,Sameer Kapoor,"ticket raised for ord not delivered. confirmed address w/ cx. rto confirmed, reshipped. -- refund + rplc, cx escalation avoided.",Full refund amount treated as recoverable if duplicate refund+replacement is prevented
TK-241575,2025-04-13 11:37:00,C108077,VR903628,VA-EB-PL1,1999.0,GW-OTHER,Y,Returns Desk,A3037,Manish Iyer,rfnd processed without pickup as goodwill. issue: pickup not done. checked pickup awb. | rfnd done and new unit sent as one-time gesture. ~Manish,Full refund amount treated as recoverable if duplicate refund+replacement is prevented
TK-241688,2025-04-18 09:26:00,C106876,VR898470,VA-EB-AIR,1799.0,DOA-REPL,Y,Chat Frontline,A3013,Rohit Nair,"advised fw update via app, resolved. issue: unable to pair with phone. walked through forget + re-pair. credited full amount, new unit also going out tomorrow. ~Rohit",Full refund amount treated as recoverable if duplicate refund+replacement is prevented
TK-241806,2025-04-24 21:35:00,C109104,VR888266,VA-EB-AIR,3598.0,DOA-REPL,Y,Email Frontline,A3016,Thomas Kumar,"Cx reported pairing failure. Asked cx to reset the device. Re-pair successful, resolved on chat.
Amount returned to card; fresh unit shipped from BLR warehouse. -TK",Full refund amount treated as recoverable if duplicate refund+replacement is prevented
TK-241897,2025-04-30 15:46:00,C101490,VR906729,VA-EB-PL1,2249.0,GW-OTHER,Y,Email Frontline,A3018,Krishna Bhatt,mic issue | checked mic permissions on phone -> replacement unit dispatched. -- Refund done and new unit sent as one-time gesture. ~Krishna,Full refund amount treated as recoverable if duplicate refund+replacement is prevented
TK-242020,2025-05-07 08:44:00,C105178,,VA-SP-ORB,5399.0,WTY-BUYBACK,Y,Logistics,A3027,Priya Agarwal,"1. Shipment not received
2. Confirmed address w/ cx
3. Refund initiated as lost in transit. -- Refunded Rs 5399 and also raised replacement, cx was very upset.",Full refund amount treated as recoverable if duplicate refund+replacement is prevented
TK-242030,2025-05-07 14:02:00,C106841,VR892748,VA-SW-FIT,1599.0,WTY-BUYBACK,Y,Voice Frontline,A3026,Aadhya Deshpande,"1. Device not discoverable
2. Walked through forget + re-pair
3. Re-pair successful, rslvd on chat. -- Amount returned to card; fresh unit shipped from BLR warehouse. //AAD",Full refund amount treated as recoverable if duplicate refund+replacement is prevented
TK-242158,2025-05-14 15:57:00,C108329,VR909654,VA-AC-CH65,2998.0,GW-OTHER,Y,Logistics,A3030,Aishwarya Trivedi,"Reported: order not delivered. conf address w/ cx. Courier conf delivery for 18 May, cx informed. | Processed FR & raised RMA for new set. //AIS",Full refund amount treated as recoverable if duplicate refund+replacement is prevented
TK-242321,2025-05-23 11:44:00,C106371,VR880970,VA-SW-NX2,6499.0,WTY-BUYBACK,Y,Logistics,A3028,Sameer Kapoor,"1. transit damage
2. photos rcvd, damage conf
3. rfnd initiated.
amount returned to card; fresh unit shipped from blr warehouse.",Full refund amount treated as recoverable if duplicate refund+replacement is prevented
TK-242332,2025-05-24 11:21:00,C104791,VR883844,VA-EB-PL1,2499.0,GW-OTHER,Y,Chat Frontline,A3006,Varun Bhatt,"1. case no led / no charge
2. confirmed case led dead
3. replacement case raised. -- refund done and new unit sent as one-time gesture. -VB",Full refund amount treated as recoverable if duplicate refund+replacement is prevented
TK-242534,2025-06-02 22:21:00,C103359,VR907976,VA-NB-ARC,1104.0,WTY-BUYBACK,Y,Chat Frontline,A3003,Komal Singh,"1. No audio one side
2. Walked through reset
3. Reset rslvd (SOP 3.1)
Refunded Rs 1104 and also raised rplc, cx was very upset. -KS",Full refund amount treated as recoverable if duplicate refund+replacement is prevented
TK-242771,2025-06-15 20:52:00,C102558,,VA-EB-AIR,1529.0,GW-OTHER,Y,Voice Frontline,A3036,Ritika D'Souza,"Customer states case not charging. Asked cx to try different cable + adaptor. xfer to Returns Desk. Replacement raised, RMA shared w/ cx. Will monitor.
Amount returned to card; fresh unit shipped from BLR warehouse.",Full refund amount treated as recoverable if duplicate refund+replacement is prevented
TK-242985,2025-06-26 21:47:00,C109453,VR901741,VA-HP-ST3,6999.0,GW-OTHER,Y,Email Frontline,A3017,Kabir Singh,"cx reported device not discoverable. chk phone os version. adv fw update via app, rslvd.
rfnd done & new unit sent as one-time gesture. -KS",Full refund amount treated as recoverable if duplicate refund+replacement is prevented
TK-243085,2025-07-02 11:52:00,C100646,,VA-NB-ARC,1104.0,WTY-BUYBACK,Y,Logistics,A3030,Aishwarya Trivedi,"cx ok.
Credited full amount, new unit also going out tomorrow. //AIS",Full refund amount treated as recoverable if duplicate refund+replacement is prevented
TK-243098,2025-07-03 00:38:00,C107023,,VA-EB-PL1,2499.0,GW-OTHER,Y,Escalations & Warranty,A3039,Reyansh Mishra,"warranty claim status | checked qc report -> new unit shipped under doa (sop 5.4) refund + rplc, cx escalation avoided. ~Reyansh",Full refund amount treated as recoverable if duplicate refund+replacement is prevented
TK-243210,2025-07-07 19:38:00,C108634,VR890279,VA-EB-PL1,2499.0,GW-OTHER,Y,Logistics,A3030,Aishwarya Trivedi,"Ticket raised for ord not delivered. conf address w/ cx. rfnd initiated as lost in transit. Issued refund + replacement both, TL aware. //AIS",Full refund amount treated as recoverable if duplicate refund+replacement is prevented
TK-243366,2025-07-17 04:51:00,C101721,VR903943,VA-EB-PL1,2374.0,WTY-BUYBACK,Y,Chat Frontline,A3017,Kabir Singh,cx says rapid battery drain. chk usage pattern w/ cx. rplc raised after test. -- reversed the payment & dispatched a new one under rma. -KS,Full refund amount treated as recoverable if duplicate refund+replacement is prevented
TK-243402,2025-07-19 11:11:00,C108301,VR884737,VA-EB-AIR,1709.0,GW-OTHER,Y,Logistics,A3027,Priya Agarwal,"1. ord not delivered
2. Raised ticket with couriier partner
3. Re-shipped from warehouse. Credited full amount, new unit also going out tomorrow.",Full refund amount treated as recoverable if duplicate refund+replacement is prevented
TK-243710,2025-07-31 08:08:00,C100429,,VA-HP-ST2,4499.0,DOA-REPL,Y,Chat Frontline,A3010,Tenzin Mathew,"poor battery backup | chk usage pattern with cx -> escalated to wty. Credited full amount, new unit also going out tomorrow. ~Tenzin",Full refund amount treated as recoverable if duplicate refund+replacement is prevented
TK-243792,2025-08-03 12:51:00,C103050,VR906615,VA-SW-NX2,5199.0,GW-OTHER,Y,Escalations & Warranty,A3039,Reyansh Mishra,"escalated to warranty. issue: touch not responding. walked through hard reset. (sop 4.2)
refund + rplc, cx escalation avoided. ~Reyansh",Full refund amount treated as recoverable if duplicate refund+replacement is prevented
TK-243800,2025-08-03 15:41:00,C100895,,VA-EB-PL2,3324.0,WTY-BUYBACK,Y,Logistics,A3030,Aishwarya Trivedi,"Customer states order not delivered. Confirmed address w/ cx. Courier confirmed delivery for 07 Aug, cx informed. -- Refund processed to source; replacement unit also shipped. //AIS",Full refund amount treated as recoverable if duplicate refund+replacement is prevented
TK-243814,2025-08-04 09:08:00,C107439,VR880419,VA-SW-NX2,6499.0,GW-OTHER,Y,Chat Frontline,A3007,Abhishek Gupta,"adv fw update via app, rslvd. | reversed the payment & dispatched a new one under rma.",Full refund amount treated as recoverable if duplicate refund+replacement is prevented
TK-243961,2025-08-09 22:26:00,C105625,,VA-EB-AIR,1619.0,GW-OTHER,Y,Chat Frontline,A3017,Kabir Singh,"ticket raised for left bud not charging. chk case led behaviour w/ cx. rplc approved, reverse pkp arranged. -- full rfnd issued & replacement dispatched as goodwill. -KS",Full refund amount treated as recoverable if duplicate refund+replacement is prevented
TK-243993,2025-08-11 09:42:00,C103810,,VA-EB-AIR,1439.0,DOA-REPL,Y,Chat Frontline,A3007,Abhishek Gupta,"closed.
issued rfnd + rplc both, tl aware.",Full refund amount treated as recoverable if duplicate refund+replacement is prevented
TK-244040,2025-08-13 07:49:00,C106492,,VA-SW-NX2,6174.0,GW-OTHER,Y,Returns Desk,A3037,Manish Iyer,"rplc raised, rma shared with cx. issue: damaged in transit. photos received, damage confirmed.
money back to source & a fresh pair shipped. ~Manish",Full refund amount treated as recoverable if duplicate refund+replacement is prevented
TK-244176,2025-08-19 11:21:00,C108183,,VA-SP-ORB,1080.0,RETURN-QC-OK,Y,Returns Desk,A3037,Manish Iyer,full rfnd processed (1080). issue: incorrect product shipped. verified order vs delivered item photos.,Full refund amount treated as recoverable if duplicate refund+replacement is prevented
TK-244185,2025-08-19 14:58:00,C104511,VR895804,VA-EB-PL2,3499.0,WTY-BUYBACK,Y,Returns Desk,A3036,Ritika D'Souza,"Customer reached out - rfnd delay. Checked rfnd status on PG. rfnd of Rs 3499 initiated to source. Will monitor. -- Issued rfnd + replacement both, TL aware.",Full refund amount treated as recoverable if duplicate refund+replacement is prevented
TK-244190,2025-08-19 17:38:00,C104758,VR902737,VA-SW-NX2,6499.0,DOA-REPL,Y,Logistics,A3030,Aishwarya Trivedi,"Replacement approved, reverse pickup arranged. Issue: transit damage. Photos rcvd, damage confirmed. Processed FR & raised RMA for new set. //AIS",Full refund amount treated as recoverable if duplicate refund+replacement is prevented
TK-244392,2025-08-29 11:25:00,C104376,VR898859,VA-EB-PL2,3149.0,GW-OTHER,Y,Chat Frontline,A3010,Tenzin Mathew,"re: charging case dead | confirmed case led daed -> rplc case raised.
Full refund issued and replacement dispatched as goodwill. ~Tenzin",Full refund amount treated as recoverable if duplicate refund+replacement is prevented
TK-244500,2025-09-02 10:17:00,C107744,VR882499,VA-EB-PL2,2974.0,DOA-REPL,Y,Logistics,A3027,Priya Agarwal,"1. Transit damage
2. Photos rcvd, damage confirmed
3. Replacement raised, RMA shared w/ cx. -- Money back to source and a fresh pair shipped.",Full refund amount treated as recoverable if duplicate refund+replacement is prevented
TK-244515,2025-09-02 17:09:00,C104514,VR882896,VA-EB-AIR,1709.0,GW-OTHER,Y,Chat Frontline,A3015,Sameer Jadhav,rplc case raised. Issue: charging case dead. conf case LED dead. -- Amount returned to card; fresh unit shipped from BLR warehouse. [closed],Full refund amount treated as recoverable if duplicate refund+replacement is prevented
TK-244578,2025-09-05 10:52:00,C106343,,VA-EB-PL2,2974.0,DOA-REPL,Y,Chat Frontline,A3010,Tenzin Mathew,"cx: order not delivered | raised ticket with courier partner -> courier conf delivery for 07 sep, cx informed. | Credited full amount, new unit also going out tomorrow. ~Tenzin",Full refund amount treated as recoverable if duplicate refund+replacement is prevented
TK-244677,2025-09-08 12:23:00,C109474,,VA-HP-ST3,6999.0,GW-OTHER,Y,Chat Frontline,A3013,Rohit Nair,"cx: pairing failure | asked cx to reset the device -> reset done, paired ok. | credited full amount, new unit also going out tomorrow. ~Rohit",Full refund amount treated as recoverable if duplicate refund+replacement is prevented
TK-244872,2025-09-14 18:39:00,C108761,VR894578,VA-EB-PL1,2124.0,GW-OTHER,Y,Logistics,A3030,Aishwarya Trivedi,incorrect product shipped | verified order vs delivered item photos -> new unit shipped under doa. -- Processed FR and raised RMA for new set. //AIS,Full refund amount treated as recoverable if duplicate refund+replacement is prevented
TK-244910,2025-09-15 21:07:00,C101252,,VA-EB-AIR,1799.0,GW-OTHER,Y,Voice Frontline,A3003,Komal Singh,"1. Device not discoverable
2. Asked cx to reset teh device
3. Re-pair successful, resolved on chat (SOP 2.7)
Both refund and replacement given as cx threatened social media. -KS",Full refund amount treated as recoverable if duplicate refund+replacement is prevented
TK-244966,2025-09-18 09:46:00,C106077,VR900494,VA-EB-PL2,3324.0,GW-OTHER,Y,Logistics,A3030,Aishwarya Trivedi,Cx says order not delivered. Checked AWB w/ courier. Re-shipped from warehouse. Money back to source and a fresh pair shipped. //AIS,Full refund amount treated as recoverable if duplicate refund+replacement is prevented
TK-245256,2025-09-27 19:50:00,C106492,,VA-SW-NX2,6174.0,GW-OTHER,Y,Chat Frontline,A3015,Sameer Jadhav,"Repair completed, shipped back. Issue: wty claim status. Checked RMA status. | Issued refund + rplc both, TL aware. [closed]",Full refund amount treated as recoverable if duplicate refund+replacement is prevented
TK-245289,2025-09-28 20:38:00,C105469,,VA-EB-PL2,3499.0,GW-OTHER,Y,Chat Frontline,A3039,Reyansh Mishra,"issue: left earbud not taking charge | asked for photo of the bud contacts -> replacement raised for the bud | xfer escalations & warranty (sop 3.1) -- credited full amount, new unit also going out tomorrow. ~Reyansh",Full refund amount treated as recoverable if duplicate refund+replacement is prevented
TK-245356,2025-09-30 20:23:00,C107129,VR908638,VA-EB-PL2,2799.0,GW-OTHER,Y,Logistics,A3027,Priya Agarwal,"1. Wrong item delivered
2. Verified ord vs delivered item photos
3. Replacement approved, reverse pickup arranged.
Reversed the payment & dispatched a new one under RMA.",Full refund amount treated as recoverable if duplicate refund+replacement is prevented
TK-245361,2025-09-30 20:42:00,C107990,VR882186,VA-EB-PL1,2499.0,WTY-BUYBACK,Y,Voice Frontline,A3026,Aadhya Deshpande,"bt dropouts | checked interference sources -> rplc approved, reverse pkp arranegd.
Refund done & new unit sent as one-time gesture. //AAD",Full refund amount treated as recoverable if duplicate refund+replacement is prevented
TK-245423,2025-10-03 12:03:00,C103172,VR904281,VA-EB-PL2,3324.0,GW-OTHER,Y,Returns Desk,A3036,Ritika D'Souza,Ticket raised for refnud delay. chk reverse pickup QC status. Refund of Rs 332 initiated to source. Will monitor. Reversed the payment & dispatched a new one under RMA.,Full refund amount treated as recoverable if duplicate refund+replacement is prevented
TK-245478,2025-10-04 20:11:00,C104845,VR905334,VA-SW-FIT,1999.0,DOA-REPL,Y,Voice Frontline,A3026,Aadhya Deshpande,"re: rapid battery drain | chk fw 2.5.5 -> fw update pushed, adv to monitor. | rfnd done & new unit sent as one-time gesture. //AAD",Full refund amount treated as recoverable if duplicate refund+replacement is prevented
TK-245705,2025-10-11 21:43:00,C104135,VR880827,VA-EB-PL1,4248.0,GW-OTHER,Y,Email Frontline,A3002,Steven Ansari,"issue: crackling/distortion | checked fw -> fw update, cx to monitor. refund processed to source; replacement unit also shipped. [closed]",Full refund amount treated as recoverable if duplicate refund+replacement is prevented
TK-245777,2025-10-13 19:32:00,C105809,VR902885,VA-EB-PL1,2499.0,GW-OTHER,Y,Returns Desk,A3036,Ritika D'Souza,"Reported: pickup not done. chk pickup AWB. Refund processed without pickup as goodwill. Case closd with cx consent. (SOP 5.4)
Amount returned to card; fresh unit shipped from BLR warehouse.",Full refund amount treated as recoverable if duplicate refund+replacement is prevented
TK-246005,2025-10-19 21:52:00,C100070,VR888186,VA-HP-ST2,4499.0,DOA-REPL,Y,Voice Frontline,A3003,Komal Singh,"1. BT dropouts
2. Checked FW 2.5.8
3. FW upddate resolved (SOP 5.4) | Money back to source and a fresh pair shipped. -KS",Full refund amount treated as recoverable if duplicate refund+replacement is prevented
TK-246060,2025-10-21 12:51:00,C104315,,VA-EB-PL2,3149.0,GW-OTHER,Y,Escalations & Warranty,A3039,Reyansh Mishra,"cx: repair status follow-up | checked rma status -> repair completed, shipped back.
refund done and new unit sent as one-time gesture. ~Reyansh",Full refund amount treated as recoverable if duplicate refund+replacement is prevented
TK-246170,2025-10-23 16:47:00,C106508,VR901110,VA-HP-ST3,6999.0,GW-OTHER,Y,Voice Frontline,A3039,Reyansh Mishra,"sorted (sop 3.1)
refund + rplc, cx escalation avoided. ~Reyansh",Full refund amount treated as recoverable if duplicate refund+replacement is prevented
TK-246171,2025-10-23 17:19:00,C104184,VR887053,VA-EB-PL2,3499.0,GW-OTHER,Y,Logistics,A3030,Aishwarya Trivedi,Cust contacted re wrong variant rcvd. Verified order vs delivered item photos. Replacement unit dispatched. Payment reversed Rs 3499. New piece dispatched same day. //AIS,Full refund amount treated as recoverable if duplicate refund+replacement is prevented
TK-246279,2025-10-26 19:02:00,C109069,VR887516,VA-EB-PL1,1999.0,GW-OTHER,Y,Chat Frontline,A3014,Anjali D'Souza,"Escalated to warranty. Issue: battery draining fast. chk usage pattern w/ cx. -- Issued rfnd + rplc both, TL aware. -AD",Full refund amount treated as recoverable if duplicate refund+replacement is prevented
TK-246317,2025-10-27 20:02:00,C102269,VR880523,VA-EB-AIR,1799.0,GW-OTHER,Y,Logistics,A3030,Aishwarya Trivedi,"Cx reported transit damage. Photos received, damage conf. New unit shipped under DOA. | Cx got the amount back, also sending a new set to keep him happy. //AIS",Full refund amount treated as recoverable if duplicate refund+replacement is prevented
TK-246825,2025-11-09 12:18:00,C107640,,VA-EB-PL1,2249.0,DOA-REPL,Y,Logistics,A3030,Aishwarya Trivedi,"Ticket raised for damaged in transit. Photos received, damage confirmed. Refunded Rs 2249. //AIS",Full refund amount treated as recoverable if duplicate refund+replacement is prevented
TK-246844,2025-11-09 21:52:00,C102136,,VA-SW-NX2,6499.0,GW-OTHER,Y,Logistics,A3029,Rajat Mukherjee,refunded rs 6499. issue: incorrect product shipped. verified order vs delivered item photos. -- both refund and replacement given as cx threatened social media. -RM,Full refund amount treated as recoverable if duplicate refund+replacement is prevented
TK-246876,2025-11-10 21:56:00,C106920,,VA-HP-ST3,5949.0,GW-OTHER,Y,Logistics,A3030,Aishwarya Trivedi,Cx says ord not delivered. chk AWB with crr. Re-shipped from warehouse. | Full refund issued & replacement dispatched as goodwill. //AIS,Full refund amount treated as recoverable if duplicate refund+replacement is prevented
TK-246895,2025-11-11 17:43:00,C104253,VR900909,VA-HP-ST2,3999.0,WTY-BUYBACK,Y,Logistics,A3030,Aishwarya Trivedi,Customer states delivery delayed. Confirmed address with cx. Re-shipped from warehouse. -- rfnd done & new unit sent as one-time gesture. //AIS,Full refund amount treated as recoverable if duplicate refund+replacement is prevented
TK-246928,2025-11-12 12:20:00,C103623,,VA-EB-PL2,3324.0,GW-OTHER,Y,Voice Frontline,A3024,Amit Deshpande,"Reported: device not discoverable. Walked through forget + re-pair. Reset done, paired ok. Case closed with cx consent. -- Reversed the payment and dispatched a new one under RMA. ~Amit",Full refund amount treated as recoverable if duplicate refund+replacement is prevented
TK-247086,2025-11-16 10:32:00,C102773,,VA-SW-FIT,1599.0,GW-OTHER,Y,Escalations & Warranty,A3039,Reyansh Mishra,"issue: warranty claim status | checked rma status -> repair completed, shipped back. refund done and new unit sent as one-time gesture. ~Reyansh",Full refund amount treated as recoverable if duplicate refund+replacement is prevented
TK-247093,2025-11-16 12:52:00,C108582,,VA-EB-PL1,2499.0,GW-OTHER,Y,Logistics,A3030,Aishwarya Trivedi,"Customer states transit damage. chk w/ courier for damage claim. Replacement approved, reverse pickup arranged.
Refunded Rs 2499 & also raised replacement, cx was very upset. //AIS",Full refund amount treated as recoverable if duplicate refund+replacement is prevented
TK-247254,2025-11-20 18:31:00,C106728,VR899236,VA-EB-PL1,2499.0,GW-OTHER,Y,Returns Desk,A3036,Ritika D'Souza,"1. Refund pending
2. Checked refund status on PG
3. Refund of Rs 500 initiated to source.
Refunded Rs 2499 & also raised replacement, cx was very upset.",Full refund amount treated as recoverable if duplicate refund+replacement is prevented
TK-247267,2025-11-20 23:53:00,C104469,,VA-HP-ST3,13998.0,DOA-REPL,Y,Email Frontline,A3016,Thomas Kumar,"Customer states pairing failure. Walked through forget + re-pair. Reset done, paired ok.
Cx got the amount back, also sending a new set to keep him happy. -TK",Full refund amount treated as recoverable if duplicate refund+replacement is prevented
TK-247297,2025-11-21 15:30:00,C101370,VR905861,VA-EB-PL2,2974.0,WTY-BUYBACK,Y,Logistics,A3030,Aishwarya Trivedi,"cx reached out - shipment not received. Confirmed address with cx. RTO confirmed, reshipped.
Both refund and rplc given as cx threatened social media. //AIS",Full refund amount treated as recoverable if duplicate refund+replacement is prevented
TK-247492,2025-11-26 16:23:00,C101398,,VA-SW-FIT,1999.0,GW-OTHER,Y,Logistics,A3030,Aishwarya Trivedi,"issue: transit damage | photos received, damage confirmed -> reverse pkp arranged. Processed FR and raised RMA for new set. //AIS",Full refund amount treated as recoverable if duplicate refund+replacement is prevented
TK-247568,2025-11-28 16:37:00,C107845,VR896562,VA-EB-AIR,1439.0,GW-OTHER,Y,Escalations & Warranty,A3041,Mohammed Mehta,"1. RMA status query
2. Checked RMA status
3. Cx updated, ETA shared. | Refunded Rs 1439 and also raised rplc, cx was very upset.",Full refund amount treated as recoverable if duplicate refund+replacement is prevented
TK-247621,2025-11-29 17:49:00,C108345,VR894277,VA-HP-ST2,4999.0,GW-OTHER,Y,Returns Desk,A3036,Ritika D'Souza,"Cx reported refund not credited. Checked reverse pickup QC status. Full refund processed (4999). Case colsed with cx consent.
Refunded Rs 4999 and also raised replacement, cx was very upset.",Full refund amount treated as recoverable if duplicate refund+replacement is prevented
TK-247933,2025-12-07 19:25:00,C101427,VR890543,VA-EB-AIR,1619.0,WTY-BUYBACK,Y,Voice Frontline,A3026,Aadhya Deshpande,"cx: crackling/distortion | asked for a recording -> adv eq reset, rslvd. Sent a new unit & released the money as well, cx was in tears on call. //AAD",Full refund amount treated as recoverable if duplicate refund+replacement is prevented
TK-247941,2025-12-07 21:39:00,C104804,,VA-HP-ST3,6299.0,GW-OTHER,Y,Voice Frontline,A3002,Steven Ansari,"cx: pairing failure | checked phone os version -> re-pair successful, resolved on chat. -- refund done and new unit sent as one-time gesture. [closed]",Full refund amount treated as recoverable if duplicate refund+replacement is prevented
TK-247961,2025-12-08 11:25:00,C108204,VR899407,VA-EB-PL2,3499.0,GW-OTHER,Y,Returns Desk,A3037,Manish Iyer,pickup rescheduled for 09 dec. issue: reverse pickup pending. checked pickup awb. | refund done and new unit sent as one-time gesture. ~Manish,Full refund amount treated as recoverable if duplicate refund+replacement is prevented
TK-247969,2025-12-08 12:37:00,C100467,VR907000,VA-SW-NX2,6499.0,GW-OTHER,Y,Chat Frontline,A3007,Abhishek Gupta,"reset done. issued rfnd + rplc both, tl aware.",Full refund amount treated as recoverable if duplicate refund+replacement is prevented
TK-247997,2025-12-09 08:37:00,C101974,,VA-SP-MINI,2499.0,GW-OTHER,Y,Voice Frontline,A3025,Komal Malhotra,"2.4ghz worked, rslvd. issue: unable to connect to wifi. chk app version.
both rfnd and rplc given as cx threatened social media. //KOM",Full refund amount treated as recoverable if duplicate refund+replacement is prevented
TK-248082,2025-12-11 10:36:00,C103727,VR886568,VA-EB-PL2,3499.0,GW-OTHER,Y,Email Frontline,A3022,Daniel Arora,"Cx says left earbud not taking charge. Tested w/ cx on call. Reset rslvd, cx confirmed left bud charging. (SOP 3.1) | Processed FR and raised RMA for new set.",Full refund amount treated as recoverable if duplicate refund+replacement is prevented
TK-248252,2025-12-16 20:42:00,C108004,VR893444,VA-EB-PL1,2499.0,GW-OTHER,Y,Voice Frontline,A3026,Aadhya Deshpande,"Cust contacted re pairing failure. Walked through forget + re-pair. adv FW update via app, rslvd.
Both rfnd & rplc given as cx threatened social media. //AAD",Full refund amount treated as recoverable if duplicate refund+replacement is prevented
TK-248319,2025-12-19 07:48:00,C106828,VR903670,VA-EB-PL2,3324.0,WTY-BUYBACK,Y,Chat Frontline,A3007,Abhishek Gupta,"rslvd on call.
both rfnd & rplc given as cx threatened social media.",Full refund amount treated as recoverable if duplicate refund+replacement is prevented
TK-248413,2025-12-22 05:51:00,C103498,,VA-EB-PL2,3499.0,DOA-REPL,Y,Logistics,A3029,Rajat Mukherjee,refund initiated as lost in transit. issue: delivery delayed. raised ticket with courier partner. | refund done and new unit sent as one-time gesture. -RM,Full refund amount treated as recoverable if duplicate refund+replacement is prevented
TK-248507,2025-12-24 18:11:00,C101145,VR891628,VA-EB-PL2,2799.0,GW-OTHER,Y,Chat Frontline,A3009,Sukhwinder Singh,"1. BT dropouts
2. chk interference sources
3. rplc raised.
Sent a new unit & released the money as well, cx was in tears on call. //SUK",Full refund amount treated as recoverable if duplicate refund+replacement is prevented
TK-248519,2025-12-24 20:55:00,C103672,,VA-SW-NX2,6499.0,GW-OTHER,Y,Chat Frontline,A3008,Meera Malhotra,"cx reached out - ord not delivered. chk AWB w/ courier. rfnd initiated as lost in transit. -- Issued rfnd + rplc both, TL aware. //MEE",Full refund amount treated as recoverable if duplicate refund+replacement is prevented
TK-248560,2025-12-25 21:58:00,C109495,,VA-HP-ST3,6999.0,DOA-REPL,Y,Email Frontline,A3002,Steven Ansari,see prev. | refund processed to source; replacement unit also shipped. [closed],Full refund amount treated as recoverable if duplicate refund+replacement is prevented
TK-248762,2026-01-01 13:40:00,C102034,,VA-EB-PL1,2499.0,GW-OTHER,Y,Logistics,A3028,Sameer Kapoor,"cx repported shipment not rcvd. conf address w/ cx. rto conf, reshipped. -- full rfnd issued and rplc dispatched as goodwill.",Full refund amount treated as recoverable if duplicate refund+replacement is prevented
TK-248839,2026-01-03 19:01:00,C101114,,VA-EB-PL2,3149.0,WTY-BUYBACK,Y,Email Frontline,A3018,Krishna Bhatt,"re: pairing failure | checked phone os version -> re-pair successful, resolved on chat. | Amount returned to card; fresh unit shipped from BLR warehouse. ~Krishna",Full refund amount treated as recoverable if duplicate refund+replacement is prevented
TK-248859,2026-01-04 10:29:00,C104673,VR899705,VA-EB-PL2,2974.0,GW-OTHER,Y,Chat Frontline,A3009,Sukhwinder Singh,"Contact re low mic pickup. chk mic permissions on phone. rplc raised, RMA shared with cx. (SOP 3.1) -- Reversed the payment & dispatched a new one under RMA. //SUK",Full refund amount treated as recoverable if duplicate refund+replacement is prevented
TK-248974,2026-01-08 17:13:00,C107561,VR904464,VA-EB-PL2,3499.0,WTY-BUYBACK,Y,Email Frontline,A3003,Komal Singh,"1. Intermittent disconnects
2. Checked FW 2.5.6
3. Advised, cx will monitor (SOP 5.4) Issued refund + replacement both, TL aware. -KS",Full refund amount treated as recoverable if duplicate refund+replacement is prevented
TK-249161,2026-01-14 17:04:00,C103888,,VA-EB-PL1,1999.0,GW-OTHER,Y,Email Frontline,A3018,Krishna Bhatt,"cx: rapid battery drain | checked usage pattern with cx -> replacement raised after test.
Refund processed to source; replacement unit also shipped. ~Krishna",Full refund amount treated as recoverable if duplicate refund+replacement is prevented
TK-249172,2026-01-14 21:41:00,C102871,,VA-EB-PL1,2499.0,GW-OTHER,Y,Logistics,A3029,Rajat Mukherjee,"re-shipped from warehouse. issue: delivery delayed. raised ticket with courier partner. -- issued refund + replacement both, tl aware. -RM",Full refund amount treated as recoverable if duplicate refund+replacement is prevented
TK-249195,2026-01-15 17:59:00,C101740,VR890649,VA-SP-ORB,5399.0,GW-OTHER,Y,Logistics,A3030,Aishwarya Trivedi,"Cx says transit damage. chk with courier for damage claim. Replacement unit dispatched.
Both refund and replacement given as cx threatened social media. //AIS",Full refund amount treated as recoverable if duplicate refund+replacement is prevented
TK-249329,2026-01-20 15:36:00,C102340,,VA-EB-PL2,2799.0,GW-OTHER,Y,Chat Frontline,A3004,Geeta Dutta,"cx ok. issued refund + replacement both, tl aware.",Full refund amount treated as recoverable if duplicate refund+replacement is prevented
TK-249353,2026-01-21 18:40:00,C101236,VR881902,VA-EB-PL2,3499.0,GW-OTHER,Y,Email Frontline,A3018,Krishna Bhatt,"crackling/distortion | asked for a recording -> replacement raised, rma shared with cx.
Cx got the amount back, also sending a new set to keep him happy. ~Krishna",Full refund amount treated as recoverable if duplicate refund+replacement is prevented
TK-249358,2026-01-21 20:39:00,C103582,VR899322,VA-EB-PL1,1999.0,DOA-REPL,Y,Chat Frontline,A3005,Payal Bhatia,"issue: connection dropping | chk fw 2.6.0 -> replacement raised.
Sent a new unit & released the money as well, cx was in tears on call.",Full refund amount treated as recoverable if duplicate refund+replacement is prevented
TK-249441,2026-01-23 22:40:00,C106218,VR904979,VA-SW-NX2,5524.0,DOA-REPL,Y,Email Frontline,A3001,Suresh Kaur,"battery draining fast | checked usage pattern with cx -> replacement approved, reverse pickup arranged. -- sent a new unit and released the money as well, cx was in tears on call. ~Suresh",Full refund amount treated as recoverable if duplicate refund+replacement is prevented
TK-249761,2026-02-02 19:32:00,C101097,VR882333,VA-AC-CASE,1299.0,GW-OTHER,Y,Billing,A3032,Sneha Bansal,"1. refund not credited
2. chk refund status on pg
3. arn shared with cx.
issued refund + rplc both, tl aware. ~Sneha",Full refund amount treated as recoverable if duplicate refund+replacement is prevented
TK-249774,2026-02-03 09:05:00,C101195,VR897826,VA-EB-PL2,3149.0,GW-OTHER,Y,Email Frontline,A3018,Krishna Bhatt,"re: l bud no charge in case | asked for photo of the bud contacts -> advised pin cleaning, cx confirmed ok. | Credited full amount, new unit also going out tomorrow. ~Krishna",Full refund amount treated as recoverable if duplicate refund+replacement is prevented
TK-249810,2026-02-04 07:02:00,C102226,VR901731,VA-EB-PL2,3324.0,DOA-REPL,Y,Chat Frontline,A3010,Tenzin Mathew,"Ticket raised for batteyr draining fast. Checked FW 1.4.12. Replacement approved, reverse pickup arranged. Cx informed. | Cx got the amount back, also sending a new set to keep him happy. ~Tenzin",Full refund amount treated as recoverable if duplicate refund+replacement is prevented
TK-249812,2026-02-04 11:21:00,C104235,,VA-EB-PL2,3499.0,DOA-REPL,Y,Chat Frontline,A3007,Abhishek Gupta,sorted. | rfnd done & new unit sent as one-time gesture.,Full refund amount treated as recoverable if duplicate refund+replacement is prevented
TK-249977,2026-02-08 19:09:00,C107084,,VA-EB-PL2,3324.0,WTY-BUYBACK,Y,Logistics,A3028,Sameer Kapoor,"cust contacted re incorrect product shipped. raised w/ warehouse. replacement approved, reverse pkp arranged. processed fr & raised rma for new set.",Full refund amount treated as recoverable if duplicate refund+replacement is prevented
TK-250022,2026-02-09 20:34:00,C104086,,VA-EB-PL2,3324.0,GW-OTHER,Y,Chat Frontline,A3005,Payal Bhatia,"Cx reported caase not charging. Checked for lint in port. adv porrt cleaning, rslvd. -- Full refund issued & replacement dispatched as goodwill.",Full refund amount treated as recoverable if duplicate refund+replacement is prevented
TK-250234,2026-02-16 16:09:00,C101865,,VA-SW-NX2,5524.0,DOA-REPL,Y,Returns Desk,A3038,Ankit Dhillon,"1. Refund not credited
2. chk reverse pickup QC status
3. Refund approved, Rs 5524, 5-7 working days.
Both refund and replacement given as cx threatened social media.",Full refund amount treated as recoverable if duplicate refund+replacement is prevented
TK-250359,2026-02-19 18:38:00,C101342,VR881833,VA-EB-PL1,1999.0,GW-OTHER,Y,Voice Frontline,A3026,Aadhya Deshpande,"issue: wty claim status | followed up w/ service centre -> repair completed, shipped back. Processed FR & raised RMA for new set. //AAD",Full refund amount treated as recoverable if duplicate refund+replacement is prevented
TK-250370,2026-02-19 22:49:00,C105384,VR901768,VA-EB-PL2,3149.0,GW-OTHER,Y,Chat Frontline,A3016,Thomas Kumar,"Cx says unable to pair with phone. Checked phone OS version. Re-pair successful, resolved on chat. (SOP 4.2)
Refund processed to source; replacement unit also shipped. -TK",Full refund amount treated as recoverable if duplicate refund+replacement is prevented
TK-250499,2026-02-23 20:42:00,C105451,,VA-EB-AIR,1439.0,GW-OTHER,Y,Chat Frontline,A3005,Payal Bhatia,"Contact re pairing failure. Asked cx to reset the device. Reset done, paired ok. | Money back to source and a fresh pair shipped.",Full refund amount treated as recoverable if duplicate refund+replacement is prevented
TK-250576,2026-02-26 10:12:00,C100994,VR887988,VA-AC-CBL,319.0,DOA-REPL,Y,Email Frontline,A3022,Daniel Arora,"Customer states shipment not received. Checked AWB w/ courier. RTO confirmed, reshipped.
Refund done & new unit sent as one-time gesture.",Full refund amount treated as recoverable if duplicate refund+replacement is prevented
TK-250633,2026-02-27 14:27:00,C108561,,VA-SW-FIT,1699.0,GW-OTHER,Y,Voice Frontline,A3026,Aadhya Deshpande,"issue: device not discoverable | walked through forget + re-pair -> adv fw update via app, rslvd.
Money back to source & a fresh pair shipped. //AAD",Full refund amount treated as recoverable if duplicate refund+replacement is prevented
TK-250694,2026-03-01 14:47:00,C104336,,VA-EB-AIR,1799.0,DOA-REPL,Y,Email Frontline,A3003,Komal Singh,"Cx reported L bud no carge in case. Confirmed FW 3.1.2. Reset rslvd, cx confirmeed left bud charging. Cx satisfied on chat. (SOP 4.2) | Issued rfnd + replacement both, TL aware. -KS",Full refund amount treated as recoverable if duplicate refund+replacement is prevented
TK-250701,2026-03-01 20:06:00,C102295,VR899037,VA-EB-PL1,2249.0,GW-OTHER,Y,Voice Frontline,A3010,Tenzin Mathew,"l bud no charge in case | asked cx to clean charing pins -> reset resolved, cx conf left bud charging | xfer chat frontline. -- refund + rplc, cx escalation avoided. ~Tenzin",Full refund amount treated as recoverable if duplicate refund+replacement is prevented
TK-250704,2026-03-01 21:26:00,C106779,,VA-SP-MINI,1999.0,WTY-BUYBACK,Y,Logistics,A3030,Aishwarya Trivedi,"Cx says order not delivered. Raised ticket w/ crr partner. crr confirmed delivery for 03 Mar, cx informed. | rfnd + rplc, cx escalation avoided. //AIS",Full refund amount treated as recoverable if duplicate refund+replacement is prevented
TK-250827,2026-03-05 21:41:00,C104620,,VA-EB-PL1,1999.0,DOA-REPL,Y,Chat Frontline,A3016,Thomas Kumar,"Contact re battery draining fast. Advised disabling ANC/AOD to test. Advised settings change, cx satisfied. (SOP 4.2) | Amount returned to card; fresh unit shipped from BLR warehouse. -TK",Full refund amount treated as recoverable if duplicate refund+replacement is prevented
TK-250833,2026-03-06 08:56:00,C101634,VR891600,VA-SW-FIT,1999.0,WTY-BUYBACK,Y,Logistics,A3029,Rajat Mukherjee,"refund initiated as lost in transit. issue: delivery delayed. checked awb with courier.
sent a new unit and released the money as well, cx was in tears on call. -RM",Full refund amount treated as recoverable if duplicate refund+replacement is prevented
TK-250886,2026-03-07 13:14:00,C100155,VR900202,VA-SW-NX2,12348.0,GW-OTHER,Y,Escalations & Warranty,A3041,Mohammed Mehta,"1. Strap pin issue
2. Asked for photo
3. Escalated to wty. | Sent a new unit and released the money as well, cx was in tears on call.",Full refund amount treated as recoverable if duplicate refund+replacement is prevented
TK-250974,2026-03-11 06:44:00,C107176,,VA-EB-PL2,3499.0,GW-OTHER,Y,Logistics,A3028,Sameer Kapoor,"cx says order not delivered. raised ticket with crr partner. replacement raised, rma shared with cx. -- both rfnd and rplc given as cx threatened social media.",Full refund amount treated as recoverable if duplicate refund+replacement is prevented
TK-250977,2026-03-11 10:25:00,C107855,VR882817,VA-EB-PL2,3499.0,GW-OTHER,Y,Chat Frontline,A3006,Varun Bhatt,"reset resolved. issue: right side silent. checked balance settings with cx.
issued refund + replacement both, tl aware. -VB",Full refund amount treated as recoverable if duplicate refund+replacement is prevented
TK-251031,2026-03-12 19:42:00,C102393,VR902518,VA-HP-ST3,6649.0,GW-OTHER,Y,Chat Frontline,A3014,Anjali D'Souza,Replacement raised after test. Issue: poor battery backup. Checked usage pattern w/ cx. | Reversed the payment & dispatched a new one under RMA. -AD,Full refund amount treated as recoverable if duplicate refund+replacement is prevented
TK-251248,2026-03-19 13:27:00,C104378,VR888273,VA-SW-NX1,4999.0,GW-OTHER,Y,Chat Frontline,A3005,Payal Bhatia,"Cx says unable to pair with phone. chk phone OS version. Reset done, paired ok. rfnd + rplc, cx escalation avoided.",Full refund amount treated as recoverable if duplicate refund+replacement is prevented
TK-251284,2026-03-20 08:56:00,C101753,,VA-EB-PL2,1662.0,GW-OTHER,Y,Logistics,A3031,Zaid Desai,"Refund approved, Rs 1662, 5-7 working days. Issue: transit damage. Photos received, damage confirmed.",Full refund amount treated as recoverable if duplicate refund+replacement is prevented
TK-251319,2026-03-21 10:47:00,C107210,VR883631,VA-NB-ARC,1299.0,WTY-BUYBACK,Y,Voice Frontline,A3024,Amit Deshpande,"Customer reached out - crackling/distortion. Checked w/ different source. adv EQ reset, rslvd. Case closed w/ cx consent.
Amount returned to card; fresh unit shipped from BLR warehouse. ~Amit",Full refund amount treated as recoverable if duplicate refund+replacement is prevented
TK-251410,2026-03-23 13:12:00,C103459,,VA-HP-ST3,5599.0,GW-OTHER,Y,Chat Frontline,A3010,Tenzin Mathew,Customer reached out - lefft side silent. Checked balance settings w/ cx. Reset resolved. Cx informed. -- Payment reversed Rs 5599. New piece dispatched same day. ~Tenzin,Full refund amount treated as recoverable if duplicate refund+replacement is prevented
TK-251476,2026-03-25 06:10:00,C105317,,VA-AC-CASE,1299.0,DOA-REPL,Y,Logistics,A3031,Zaid Desai,"Replacement unit dispatched. Issue: incorrect product shipped. Verified order vs delivered item photos. Issued refund + replacement both, TL aware.",Full refund amount treated as recoverable if duplicate refund+replacement is prevented
TK-251537,2026-03-26 22:16:00,C102426,VR898989,VA-EB-PL2,3149.0,WTY-BUYBACK,Y,Chat Frontline,A3003,Komal Singh,"1. Mic not working on calls
2. chk mic permissions on phone
3. FW update adv (SOP 3.1) -- Money back to source and a fresh pair shipped. -KS",Full refund amount treated as recoverable if duplicate refund+replacement is prevented
TK-251571,2026-03-27 23:16:00,C106453,VR908339,VA-NB-ARC,1299.0,WTY-BUYBACK,Y,Chat Frontline,A3017,Kabir Singh,rplc raised. issue: low mic pkp. tested on call w/ cx. via email frontline. full rfnd issued & rplc dispatched as goodwill. -KS,Full refund amount treated as recoverable if duplicate refund+replacement is prevented
TK-251620,2026-03-29 11:38:00,C104610,VR897550,VA-NB-ARC,1299.0,GW-OTHER,Y,Chat Frontline,A3013,Rohit Nair,"1. connection droppping
2. advised to tet in different location
3. replacement raised, rma shared with cx. | refunded rs 1299 and also raised replacement, cx was very upset. ~Rohit",Full refund amount treated as recoverable if duplicate refund+replacement is prevented
TK-251635,2026-03-29 23:41:00,C106622,,VA-EB-PL1,2499.0,DOA-REPL,Y,Email Frontline,A3016,Thomas Kumar,"Cx says left side silent. Walked through reset. Refunded Rs 2499. (SOP 4.2) -- rplc was offered earlier by chat team, cx opted for rfnd. -TK",Full refund amount treated as recoverable if duplicate refund+replacement is prevented
TK-251655,2026-03-30 12:19:00,C109294,VR893480,VA-EB-PL2,3499.0,WTY-BUYBACK,Y,Logistics,A3030,Aishwarya Trivedi,"see prev. -- Issued rfnd + replacement both, TL aware. //AIS",Full refund amount treated as recoverable if duplicate refund+replacement is prevented
TK-251706,2026-03-31 17:31:00,C103374,VR908740,VA-EB-PL2,3499.0,GW-OTHER,Y,Chat Frontline,A3004,Geeta Dutta,sorted. | processed fr and raised rma for new set.,Full refund amount treated as recoverable if duplicate refund+replacement is prevented
TK-251840,2026-04-04 18:22:00,C107019,VR881852,VA-EB-PL2,3499.0,GW-OTHER,Y,Logistics,A3030,Aishwarya Trivedi,"Cust contacted re shipment not received. Checked AWB with courier. RTO confirmed, reshipped. -- Credited full amount, new unit also going out tomorrow. //AIS",Full refund amount treated as recoverable if duplicate refund+replacement is prevented
TK-251880,2026-04-05 22:21:00,C107010,VR882803,VA-EB-PL2,3499.0,WTY-BUYBACK,Y,Email Frontline,A3017,Kabir Singh,cx reported single side audio only. asked cx to check bud in case. esc to wty. -- rfnd done and new unit sent as one-time gesture. -KS,Full refund amount treated as recoverable if duplicate refund+replacement is prevented
TK-251991,2026-04-08 18:32:00,C106295,VR882201,VA-EB-AIR,1799.0,DOA-REPL,Y,Logistics,A3030,Aishwarya Trivedi,"Customer reached out - dlvry delayed. Raised ticket w/ crr partner. Re-shipped from warehouse. Credited full amount, new unit also going out tomorrow. //AIS",Full refund amount treated as recoverable if duplicate refund+replacement is prevented
TK-252010,2026-04-09 11:54:00,C106987,VR906674,VA-HP-ST3,6999.0,GW-OTHER,Y,Logistics,A3031,Zaid Desai,"Re-shipped from warehouse. Issue: order not delivered. Confirmed address with cx. refund + rplc, cx escalation avoided.",Full refund amount treated as recoverable if duplicate refund+replacement is prevented
TK-252024,2026-04-09 19:26:00,C100689,VR884950,VA-EB-PL1,2499.0,GW-OTHER,Y,Logistics,A3027,Priya Agarwal,"1. dlvry delayed
2. Raised ticket with courier partner
3. RTO confirmed, reshipped. | Sent a new unit and released the money as well, cx was in tears on call.",Full refund amount treated as recoverable if duplicate refund+replacement is prevented
TK-252146,2026-04-15 06:21:00,C105273,,VA-EB-PL1,2374.0,DOA-REPL,Y,Billing,A3032,Sneha Bansal,"1. refund pending
2. chk refund status on pg
3. refund confirmed credited. processed fr and raised rma for new set. ~Sneha",Full refund amount treated as recoverable if duplicate refund+replacement is prevented
TK-252466,2026-04-26 08:47:00,C107294,VR898020,VA-SP-MINI,2499.0,WTY-BUYBACK,Y,Chat Frontline,A3013,Rohit Nair,"fw update, cx to monitor. issue: crackling/distortion. checked fw. -- amount returned to card; fresh unit shipped from blr warehouse. ~Rohit",Full refund amount treated as recoverable if duplicate refund+replacement is prevented
TK-252675,2026-05-03 19:09:00,C107245,VR908098,VA-SP-MINI,2499.0,GW-OTHER,Y,Escalations & Warranty,A3040,Thomas Jadhav,"rma status qeury | checked qc report -> replacement approved and dispatched.
Processed FR and raised RMA for new set.",Full refund amount treated as recoverable if duplicate refund+replacement is prevented
TK-252678,2026-05-03 21:20:00,C107909,VR906781,VA-EB-PL2,2799.0,GW-OTHER,Y,Logistics,A3030,Aishwarya Trivedi,as discussed //AIS,Full refund amount treated as recoverable if duplicate refund+replacement is prevented
TK-252703,2026-05-04 21:35:00,C101656,VR888761,VA-HP-ST2,7998.0,GW-OTHER,Y,Chat Frontline,A3008,Meera Malhotra,"adv EQ reset, rslvd. Issue: crackling/distortion. chk w/ different source. -- Reversed the payment & dispatched a new one under RMA. //MEE",Full refund amount treated as recoverable if duplicate refund+replacement is prevented
TK-252982,2026-05-14 02:07:00,C102221,VR903695,VA-EB-PL2,3499.0,WTY-BUYBACK,Y,Logistics,A3030,Aishwarya Trivedi,"Ticket raised for dlvry delayed. Raised ticket with courier partner. Courier conf dlvry for 17 May, cx informed. | Amount returned to card; fresh unit shipped from BLR warehouse. //AIS",Full refund amount treated as recoverable if duplicate refund+replacement is prevented
TK-253345,2026-05-24 21:52:00,C102407,,VA-SP-MINI,2124.0,GW-OTHER,Y,Chat Frontline,A3017,Kabir Singh,"cx reached out - rma status query. followed up w/ service centre. replacement raised, rma shared w/ cx. cx got the amount back, also sending a new set to keep him happy. -KS",Full refund amount treated as recoverable if duplicate refund+replacement is prevented
TK-253349,2026-05-25 00:12:00,C106895,,VA-EB-PL2,2974.0,DOA-REPL,Y,Chat Frontline,A3016,Thomas Kumar,"Cx says connection dropping. Checked interference sources. Transferred to Email Frontline. rplc approved, reverse pkp arranged. Refunded Rs 2974 and also raised replacement, cx was very upset. -TK",Full refund amount treated as recoverable if duplicate refund+replacement is prevented
TK-253515,2026-05-29 21:12:00,C100149,,VA-EB-PL2,3499.0,WTY-BUYBACK,Y,Chat Frontline,A3014,Anjali D'Souza,"adv FW update via app, rslvd. Issue: device not discoverable. chk phone OS version. -- Refunded Rs 3499 & also raised rplc, cx was very upset. -AD",Full refund amount treated as recoverable if duplicate refund+replacement is prevented
TK-253569,2026-05-31 09:25:00,C106120,VR884091,VA-SW-FIT,1999.0,GW-OTHER,Y,Escalations & Warranty,A3036,Ritika D'Souza,"Reported: warranty clami status. Checked RMA status. Transferred to Returns Desk. Repair completed, shipped back. Will monitor. (SOP 3.1) -- refund + rplc, cx escalation avoided.",Full refund amount treated as recoverable if duplicate refund+replacement is prevented
TK-253599,2026-05-31 18:24:00,C108062,VR889923,VA-SW-NX1,4749.0,GW-OTHER,Y,Escalations & Warranty,A3039,Reyansh Mishra,"customer states warranty claim status. followed up with service centre. cx updated, eta shared. cx informed. (sop 5.4) -- credited full amount, new unit also going out tomorrow. ~Reyansh",Full refund amount treated as recoverable if duplicate refund+replacement is prevented
TK-253615,2026-06-01 11:12:00,C108059,VR882229,VA-EB-PL2,2974.0,GW-OTHER,Y,Chat Frontline,A3011,Rohit Gill,see prv. Full rfnd issued & replacement dispatched as goodwill.,Full refund amount treated as recoverable if duplicate refund+replacement is prevented
TK-253810,2026-06-07 13:48:00,C100391,VR891747,VA-SP-MINI,2499.0,DOA-REPL,Y,Returns Desk,A3037,Manish Iyer,"refund approved, rs 2499, 5-7 working days. issue: refund not credited. chk reverse pickup qc status. issued rfnd + rplc both, tl aware. ~Manish",Full refund amount treated as recoverable if duplicate refund+replacement is prevented
TK-253903,2026-06-09 20:41:00,C104297,,VA-SW-NX2,6499.0,DOA-REPL,Y,Chat Frontline,A3009,Sukhwinder Singh,"Re-pair successful, rslvd on chat. Issue: device not discoverable. Walked through forget + re-pair. | Full refund issued and rplc dispatched as goodwill. //SUK",Full refund amount treated as recoverable if duplicate refund+replacement is prevented
TK-253997,2026-06-13 11:13:00,C101832,VR882872,VA-HP-ST3,6299.0,GW-OTHER,Y,Logistics,A3027,Priya Agarwal,Cx reported delivery delayed. conf address with cx. Refund initiated as lost in transit. Case closed with cx consent. Reversed the payment and dispatched a new one under RMA.,Full refund amount treated as recoverable if duplicate refund+replacement is prevented
TK-254064,2026-06-15 20:17:00,C106363,,VA-EB-PL2,3149.0,GW-OTHER,Y,Email Frontline,A3001,Suresh Kaur,"cust contacted re shipment not received. raied ticket with courier partner. refund initiaed as lost in transit. | refund + rplc, cx escalation avoided. ~Suresh",Full refund amount treated as recoverable if duplicate refund+replacement is prevented
TK-254135,2026-06-18 13:24:00,C103008,,VA-EB-PL2,2799.0,WTY-BUYBACK,Y,Escalations & Warranty,A3041,Mohammed Mehta,"1. Warranty claim status
2. Checked QC report
3. Cx updated, ETA shared. Sent a new unit and released the money as well, cx was in tears on call.",Full refund amount treated as recoverable if duplicate refund+replacement is prevented
TK-254172,2026-06-20 09:48:00,C107138,VR890959,VA-SW-NX2,6499.0,GW-OTHER,Y,Escalations & Warranty,A3039,Reyansh Mishra,"warranty claim status | followed up with service centre -> cx updated, eta shared (sop 3.1) -- amount returned to card; fresh unit shipped from blr warehouse. ~Reyansh",Full refund amount treated as recoverable if duplicate refund+replacement is prevented
TK-254202,2026-06-20 21:28:00,C107099,VR893231,VA-EB-AIR,1709.0,GW-OTHER,Y,Voice Frontline,A3003,Komal Singh,"1. Case not charging
2. Checked for lint in port
3. Replacement case raised (SOP 4.2) | Refund processed to source; rplc unit also shipped. -KS",Full refund amount treated as recoverable if duplicate refund+replacement is prevented
TK-254226,2026-06-21 13:23:00,C104636,VR892986,VA-EB-PL2,3324.0,DOA-REPL,Y,Chat Frontline,A3013,Rohit Nair,fw update resolved. issue: intermittent disconnects. checked fw 2.7.5. | full refund issued and replacement dispatched as goodwill. ~Rohit,Full refund amount treated as recoverable if duplicate refund+replacement is prevented
TK-254298,2026-06-23 19:24:00,C103328,,VA-NB-ARC,1299.0,GW-OTHER,Y,Chat Frontline,A3022,Daniel Arora,Cx reported rapid battery drain. Advised disabling ANC/AOD to test. Transferred to Email Frontline. Escalated to warranty. | Refund processed to source; replacement unit also shipped.,Full refund amount treated as recoverable if duplicate refund+replacement is prevented
TK-254328,2026-06-24 19:46:00,C108316,,VA-EB-PL2,3149.0,GW-OTHER,Y,Chat Frontline,A3008,Meera Malhotra,"Replacement raised, RMA shared w/ cx. Issue: L bud no charge in case. Asked cx to cleaan charging pins.
rfnd processed to source; replacement unit also shipped. //MEE",Full refund amount treated as recoverable if duplicate refund+replacement is prevented
TK-254348,2026-06-25 13:18:00,C104697,,VA-EB-AIR,1709.0,GW-OTHER,Y,Chat Frontline,A3044,Arjun Kumar,"1. Left side silent
2. Checked balance settings with cx
3. Transferred to Escalations & Warranty
4. Replacement raised. | Refunded Rs 1709 and also raised replacement, cx was very upset.",Full refund amount treated as recoverable if duplicate refund+replacement is prevented
TK-254381,2026-06-26 11:46:00,C101879,VR908615,VA-EB-AIR,1709.0,GW-OTHER,Y,Chat Frontline,A3006,Varun Bhatt,"reset done, paired ok. issue: pairing failure. checked phone os version. money back to source and a fresh pair shipped. -VB",Full refund amount treated as recoverable if duplicate refund+replacement is prevented
TK-254465,2026-06-28 18:14:00,C106149,VR896666,VA-EB-PL2,3324.0,GW-OTHER,Y,Returns Desk,A3036,Ritika D'Souza,"Customer reached out - reffund pending. chk reverse pickup QC status. Fuull refund processed (3324). Cx informed. (SOP 3.1)
Reversed the payment & dispatched a new one under RMA.",Full refund amount treated as recoverable if duplicate refund+replacement is prevented
TK-254466,2026-06-28 20:32:00,C102650,VR885191,VA-SW-FIT,1699.0,GW-OTHER,Y,Voice Frontline,A3026,Aadhya Deshpande,"Contact re rapid battery drain. chk usage pattern w/ cx. esc to wty.
Both rfnd & replacement given as cx threatened social media. //AAD",Full refund amount treated as recoverable if duplicate refund+replacement is prevented
TK-254521,2026-06-30 12:45:00,C107516,VR905218,VA-EB-PL1,2124.0,GW-OTHER,Y,Chat Frontline,A3006,Varun Bhatt,"advised port cleaning, resolved. issue: case not charging. checked for lint in port. amount returned to card; fresh unit shipped from blr warehouse. -VB",Full refund amount treated as recoverable if duplicate refund+replacement is prevented
